activity;num_peptides
HLA-A*01:01;14460
HLA-A*01:03;7
HLA-A*02:01;52723
HLA-A*02:02;5994
HLA-A*02:03;5678
HLA-A*02:04;3527
HLA-A*02:05;4083
HLA-A*02:06;4926
HLA-A*02:07;4783
HLA-A*02:11;2633
HLA-A*02:12;327
HLA-A*02:14;9
HLA-A*02:16;182
HLA-A*02:17;521
HLA-A*02:19;240
HLA-A*02:50;88
HLA-A*03:01;15427
HLA-A*03:02;30
HLA-A*03:19;14
HLA-A*11:01;14082
HLA-A*11:02;2939
HLA-A*11:10;6
HLA-A*23:01;4544
HLA-A*24:02;15190
HLA-A*24:03;336
HLA-A*24:06;407
HLA-A*24:07;1465
HLA-A*24:13;250
HLA-A*25:01;2760
HLA-A*26:01;2832
HLA-A*26:02;174
HLA-A*26:03;66
HLA-A*26:08;411
HLA-A*29:01;144
HLA-A*29:02;8905
HLA-A*30:01;3907
HLA-A*30:02;3871
HLA-A*30:03;20
HLA-A*30:04;100
HLA-A*31:01;5768
HLA-A*32:01;5689
HLA-A*32:07;78
HLA-A*32:15;59
HLA-A*33:01;3848
HLA-A*33:03;5566
HLA-A*34:01;2386
HLA-A*34:02;3806
HLA-A*36:01;2713
HLA-A*66:01;2907
HLA-A*66:02;31
HLA-A*68:01;9452
HLA-A*68:02;6280
HLA-A*68:23;76
HLA-A*69:01;1044
HLA-A*74:01;2697
HLA-A*80:01;159
HLA-B*07:01;60
HLA-B*07:02;23920
HLA-B*07:04;1494
HLA-B*07:06;15
HLA-B*08:01;8947
HLA-B*08:02;56
HLA-B*08:03;23
HLA-B*13:01;4147
HLA-B*13:02;4371
HLA-B*14:01;17
HLA-B*14:02;2288
HLA-B*14:03;21
HLA-B*15:01;15163
HLA-B*15:02;20708
HLA-B*15:03;4000
HLA-B*15:08;29
HLA-B*15:09;75
HLA-B*15:10;3679
HLA-B*15:11;181
HLA-B*15:13;6
HLA-B*15:16;19
HLA-B*15:17;2276
HLA-B*18:01;5568
HLA-B*18:03;229
HLA-B*27:01;3889
HLA-B*27:02;3359
HLA-B*27:03;1040
HLA-B*27:04;1348
HLA-B*27:05;55191
HLA-B*27:06;1280
HLA-B*27:07;2127
HLA-B*27:08;2142
HLA-B*27:09;7681
HLA-B*27:10;12
HLA-B*27:20;89
HLA-B*35:01;6602
HLA-B*35:02;38
HLA-B*35:03;3052
HLA-B*35:04;12
HLA-B*35:07;1953
HLA-B*35:08;1214
HLA-B*37:01;2034
HLA-B*38:01;2815
HLA-B*38:02;3079
HLA-B*39:01;2228
HLA-B*39:05;8
HLA-B*39:06;1006
HLA-B*39:09;21
HLA-B*39:24;396
HLA-B*40:01;14435
HLA-B*40:02;17116
HLA-B*40:06;2494
HLA-B*40:13;52
HLA-B*40:32;7
HLA-B*41:01;1417
HLA-B*41:02;21
HLA-B*41:03;85
HLA-B*41:04;52
HLA-B*41:06;22
HLA-B*42:01;3539
HLA-B*42:02;15
HLA-B*44:02;11785
HLA-B*44:03;7421
HLA-B*44:05;16
HLA-B*44:08;49
HLA-B*44:09;212
HLA-B*44:27;208
HLA-B*44:28;119
HLA-B*45:01;3781
HLA-B*46:01;2910
HLA-B*47:01;27
HLA-B*48:01;116
HLA-B*49:01;5872
HLA-B*50:01;1665
HLA-B*51:01;8854
HLA-B*51:02;7
HLA-B*51:08;624
HLA-B*52:01;1904
HLA-B*53:01;2990
HLA-B*54:01;1882
HLA-B*55:01;1744
HLA-B*55:02;1575
HLA-B*56:01;2281
HLA-B*57:01;19469
HLA-B*57:02;80
HLA-B*57:03;6480
HLA-B*58:01;6526
HLA-B*58:02;1105
HLA-B*73:01;313
HLA-B*81:01;22
HLA-B*83:01;40
HLA-C*01:02;2703
HLA-C*02:02;3104
HLA-C*03:01;88
HLA-C*03:02;1277
HLA-C*03:03;4602
HLA-C*03:04;7559
HLA-C*04:01;3791
HLA-C*04:03;1142
HLA-C*05:01;11120
HLA-C*06:02;4481
HLA-C*07:01;4807
HLA-C*07:02;2886
HLA-C*07:04;1284
HLA-C*07:06;68
HLA-C*08:01;1954
HLA-C*08:02;5586
HLA-C*12:02;11189
HLA-C*12:03;5097
HLA-C*12:04;72
HLA-C*14:02;5418
HLA-C*14:03;2998
HLA-C*15:02;4474
HLA-C*15:05;110
HLA-C*16:01;5579
HLA-C*16:02;10
HLA-C*17:01;1505
