"PEPTIDE";"median_log10_IC50_rel";"activity"
"AAAAAAAAA";4,727;0
"AAAAAAAAY";0,086;1
"AAAAAAADY";0,049;1
"AAAAAADAY";2,442;1
"AAAAAARAY";-0,128;1
"AAAAAAYAY";-0,916;1
"AAAADAAAY";0,916;1
"AAAARAAAY";-0,916;1
"AAADAAAAY";-0,357;1
"AAAEAAAAY";-0,562;1
"AAAGAAAAY";-0,174;1
"AAAHAAAAY";-1,772;1
"AAAKAAAAF";0;1
"AAAKAAAAY";-1,427;1
"AAALAAAAY";-0,073;1
"AAAMAAAAY";-1,561;1
"AAANAAAAY";-0,968;1
"AAAPAAAAY";-1,609;1
"AAAQAAAAY";-1,139;1
"AAARAAAAY";-1,609;1
"AAASAAAAA";3,6;0
"AAASAAAAD";6,251;0
"AAASAAAAE";4,007;0
"AAASAAAAF";-0,734;1
"AAASAAAAM";1,905;1
"AAASAAAAN";5,324;0
"AAASAAAAP";2,464;1
"AAASAAAAQ";4,147;0
"AAASAAAAR";1,629;1
"AAASAAAAS";7,502;0
"AAASAAAAT";5,061;0
"AAASAAAAV";1,881;1
"AAASAAAAW";0,104;1
"AAASAAAAY";-0,968;1
"AAASAAADY";-1,022;1
"AAASAAAEY";-0,248;1
"AAASAAAHY";-0,942;1
"AAASAAAIY";-1,238;1
"AAASAAAKY";-0,916;1
"AAASAAALY";-0,892;1
"AAASAAAMY";-1,427;1
"AAASAAANY";-1,238;1
"AAASAAAQY";-0,821;1
"AAASAAARY";-1,079;1
"AAASAAASY";-1,897;1
"AAASAAAVY";-1,079;1
"AAASAAAWY";-1,833;1
"AAASAAAYY";-1,386;1
"AAASAAEAY";-0,734;1
"AAASAAFAY";-1,386;1
"AAASAAGAY";0,683;1
"AAASAAIAY";-1,309;1
"AAASAAKAY";0,223;1
"AAASAALAY";-1,273;1
"AAASAANAY";-0,693;1
"AAASAAPAY";-2,659;1
"AAASAAQAY";-0,446;1
"AAASAARAY";-0,968;1
"AAASAATAY";-0,288;1
"AAASAAVAY";-1,309;1
"AAASAAWAY";-1,079;1
"AAASAAYAY";-2,12;1
"AAASADAAY";-0,446;1
"AAASAEAAY";-1,238;1
"AAASAFAAY";-0,868;1
"AAASAGAAY";-1,273;1
"AAASAIAAY";-1,897;1
"AAASALAAY";-0,821;1
"AAASAMAAY";-0,942;1
"AAASAPAAY";-1,171;1
"AAASASAAY";-0,288;1
"AAASATAAY";-0,446;1
"AAASAVAAY";-0,755;1
"AAASAWAAY";-0,673;1
"AAASAYAAY";-0,511;1
"AAASDAAAY";-0,371;1
"AAASEAAAY";0,223;1
"AAASGAAAY";0,637;1
"AAASIAAAY";-1,661;1
"AAASKAAAY";-0,545;1
"AAASLAAAY";-1,427;1
"AAASMAAAY";-1,139;1
"AAASNAAAY";-0,223;1
"AAASPAAAY";-1,609;1
"AAASQAAAY";-1,022;1
"AAASRAAAY";-1,386;1
"AAASSAAAY";-0,174;1
"AAASTAAAY";-0,821;1
"AAASVAAAY";-0,616;1
"AAASWAAAY";-2,207;1
"AAASYAAAY";-1,661;1
"AAAVAAAAY";-1,47;1
"AAAWAAAAY";-1,772;1
"AAAYAAAAY";-1,427;1
"AADAAAAAY";2,785;1
"AADAKAAAY";-0,236;1
"AADKAAAAY";2,015;1
"AAESAAAAY";0,445;1
"AAFSAAAAY";-2,303;1
"AAGSAAAAY";1,721;1
"AAHSAAAAY";-1,238;1
"AAISAAAAY";-1,386;1
"AAKSAAAAY";-0,261;1
"AALSAAAAY";-1,347;1
"AAMSAAAAY";-1,609;1
"AANSAAAAY";0,536;1
"AAPSAAAAY";-0,051;1
"AARAAAAAY";-0,478;1
"AARSAAAAY";-0,892;1
"AASSAAAAY";-1,238;1
"AAVSAAAAY";-2,303;1
"AAWSAAAAY";-2,526;1
"AAYAAAAAY";-1,427;1
"AAYSAAAAY";-3,219;1
"ADAKAAAAV";4,619;0
"AEASAAAAY";-0,386;1
"AEMGKGSFY";-1,609;1
"AFAKAAAAF";0;1
"AFAKAAAAV";2,323;1
"AFASAAAAY";-0,968;1
"AFAYYVKIK";1,792;1
"AFYFDSYFA";-0,799;1
"AGAKAAAAV";4,963;0
"AGASAAAAY";1,564;1
"AHASAAAAY";0,788;1
"AIAAAAAAK";3,829;0
"AIAKAAAAV";4,454;0
"AIAKAAAAY";-0,693;1
"AIASAAAAY";-0,821;1
"AIFVYKSDS";3,807;0
"AIRLKVFVL";-0,105;1
"AKAAAAAAK";4,043;0
"AKAKAAAAF";0,588;1
"AKASAAAAY";-0,545;1
"ALAAAAAAA";4,464;0
"ALAAAAAAE";7,251;0
"ALAAAAAAK";4,248;0
"ALAAAAAAQ";4,971;0
"ALAAAAAAR";3,088;0
"ALAAAAAAT";6,494;0
"ALADAAAAV";3,836;0
"ALAKAAAAF";0,322;1
"ALAKAAAAG";6,157;0
"ALAKAAAAL";0,688;1
"ALAKAAAAN";4,887;0
"ALAKAAAAR";1,939;1
"ALAKAAAAV";3,984;0
"ALAKAAAFV";2,983;0
"ALAKAAAGV";4,189;0
"ALAKAAALV";4,976;0
"ALAKAAAPV";3,679;0
"ALAKAAEAV";3,228;0
"ALAKAANAV";2,905;0
"ALAKAAPAV";2,973;0
"ALAKAGAAV";3,563;0
"ALAKAPAAV";3,387;0
"ALAKARAAV";2,769;1
"ALAKAYAAV";1,742;1
"ALAKEAAAV";4,165;0
"ALAKLAAAV";1,907;1
"ALAKYAAAV";2,73;1
"ALAPAAAAV";3,962;0
"ALASAAAAY";-1,079;1
"ALATAAAAV";3,435;0
"ALFKAAAAV";1,686;1
"ALFKDWEEL";1,253;1
"ALKKAAAAV";4,344;0
"ALMKAAAAV";2,798;1
"ALMPLYACI";-0,598;1
"ALMPLYASI";1,841;1
"ALSKAAAAV";4,403;0
"ALSRKVAEL";2,001;1
"AMAKAAAAV";2,563;1
"AMASAAAAY";-1,109;1
"ANAAAAAAK";4,691;0
"ANAKAAAAV";4,442;0
"ANASAAAAY";1,633;1
"APAAAAAAK";7,684;0
"APAKAAAAF";4,138;0
"APAPPPKPM";4,443;0
"APASAAAAY";3,992;0
"AQASAAAAY";-1,47;1
"AQWIKWVYG";-0,416;1
"AQYEIEMPL";-1,609;1
"ARAAAAAAA";2,303;1
"ARAAAAAAE";7,034;0
"ARAAAAAAK";2,738;1
"ARAAAAAAL";0,199;1
"ARAAAAIAK";0,642;1
"ARASAAAAY";-1,514;1
"ARFAAAIAK";-1,661;1
"ARIAAAIAA";0,742;1
"ARIAAAIAL";-0,916;1
"ARIAAAIAR";-0,916;1
"ARLFGIRAK";1,504;1
"ARYAAAIAK";-0,528;1
"ARYNASTEL";2,553;1
"ARYQKSTEA";-0,755;1
"ASASAAAAY";-1,238;1
"ASIAGVQSI";2,708;1
"ASVQISFNP";2,303;1
"ATAAAAAAK";4,787;0
"ATASAAAAY";-0,968;1
"ATDKAAAAY";0,916;1
"ATEKAAAAY";1,163;1
"AVAAAAAAK";3,178;0
"AVAKAAAAY";-0,821;1
"AVASAAAAY";-1,561;1
"AVVASGFQT";2,944;0
"AWASAAAAY";-2,303;1
"AYAAAAAAK";4,028;0
"AYAKAAAAF";0,03;1
"AYAKAAAAK";3,015;0
"AYAKAAAAL";1,105;1
"AYAKAAAAY";-0,223;1
"AYASAAAAY";-0,892;1
"CLCCLLTMV";6,856;0
"CLFKDWEEL";3,592;0
"DAAAAAAAY";3,833;0
"DAASAAAAY";2,931;0
"DFKSVADSY";3,178;0
"DIDFLIEEI";6,908;0
"DLAKAAAAV";6,811;0
"DLMGYIPLV";5,075;0
"DPALDSEVD";6,254;0
"DPTKSSITK";7,313;0
"DQNGKYVNP";6,466;0
"DSDDKYKAV";5,704;0
"EAASAAAAY";2,931;0
"EDLRVLSFI";4,248;0
"EEFYVDLER";6,292;0
"EIAPVFVLL";4,875;0
"EIERLGQDL";6,908;0
"EIEVLAKSR";6,802;0
"ELAEYLYNI";5,075;0
"ERPLIFLRL";1,792;1
"ESGPSIVHR";4,443;0
"FAASAAAAY";2,597;1
"FIDVRLSPA";5,704;0
"FISVKIDFV";4,868;0
"FKDYSDKKA";4,174;0
"FKGSLTGNM";6,461;0
"FKIFKIFSD";4,174;0
"FKYAVKIVK";2,773;1
"FLAKAAAAV";5,758;0
"FLAKKPEDK";7,418;0
"FLFPYGNPS";6,753;0
"FLTKQYLNL";5,956;0
"FRYNGLIHR";-0,105;1
"FVYFDIVIF";5,193;0
"FYEFHNSGT";6,774;0
"FYIDYDSFF";2,079;1
"GAASAAAAY";1,322;1
"GAIDKPILK";2,851;1
"GAVNVVMTF";1,386;1
"GEFGGFGSV";5,501;0
"GEHGLIIRV";0,336;1
"GFYPGSIEV";3,689;0
"GIFSPGGAI";6,908;0
"GILGFVFTL";4,094;0
"GKSVLIRDL";4,025;0
"GLFMIDNFY";-0,105;1
"GLMQNCNQM";6,908;0
"GLSRPLLRL";-0,198;1
"GLSRYVARL";2,532;1
"GLYSSTAPI";6,121;0
"GLYSSTVPI";4,654;0
"GLYSSTVPV";3,332;0
"GMAALPRLI";6,908;0
"GMRMLLGGN";6,279;0
"GQYGNPLNK";1,872;1
"GRIDKPILA";1,712;1
"GRIDKPILK";1,241;1
"GRLTKHTKF";0;1
"GRPPQKGSL";5,298;0
"GRQKGAGSV";6,215;0
"GWHRQTLEE";4,963;0
"HAASAAAAY";2,239;1
"HEAAAVHGD";4,564;0
"HEETPPTTS";5,561;0
"HIKPTSSKY";2,079;1
"HLESLFTAV";6,397;0
"HLIDYLVTS";7,09;0
"HLLVGSSGL";6,118;0
"HLSLRGLPV";6,908;0
"HLYQGCQVV";5,069;0
"HLYSHPIIL";0;1
"HQAISPRTL";2,773;1
"IAASAAAAY";1,322;1
"IEQGSKERK";3,912;0
"IISCTCPTV";4,357;0
"IISCTCPVT";-0,713;1
"IKKVYYSDI";4,174;0
"ILHNGAYSL";5,914;0
"ILKEPVHGV";5,824;0
"ILMHCQTTL";6,908;0
"ILSPFLPLL";5,284;0
"IMPKAGLLI";6,908;0
"INLAVMFPT";6,833;0
"IRKPYIWEY";-2,303;1
"ISDKVVYVD";6,31;0
"ISVIVFKFF";2,996;0
"IVGLNKIVR";3,258;0
"IVKDDAYSK";4,007;0
"IVTDFSVIK";5,481;0
"KAASAAAAY";1,105;1
"KAGQVVTIW";4,605;0
"KAKFDIDYK";4,174;0
"KFKAKKYIF";0,916;1
"KIKESFRKL";2,14;1
"KIKKKDSVS";5,481;0
"KIKSFVKVY";2,015;1
"KIWEELSVL";0,182;1
"KKFKSSKFF";0,588;1
"KKTSLEKRM";-1,05;1
"KKVSIFVYS";3,401;0
"KKYNASTEL";1,751;1
"KLAKAAAAV";5,052;0
"KLHLYSHPI";3,408;0
"KLIRDAAEL";4,736;0
"KPGQAGGEA";6,144;0
"KPIVQYDNF";5,193;0
"KRFSFKKSF";-3,507;1
"KRGILTLKY";-2,303;1
"KRYKSIVKY";-3,507;1
"KTGGPIYKR";0,875;1
"KTQGPSVFF";0,788;1
"KVFGPIHER";-0,799;1
"KVHDMGFEY";-1,47;1
"KVVNPLFEK";0,693;1
"KWDDRIGPQ";4,605;0
"KWDLRRAFH";2,639;1
"KYAGSDKGQ";6,828;0
"KYFDEHYEY";-0,288;1
"KYFSYIIKY";-1,609;1
"KYPENFFLL";1,504;1
"KYTSFPWLL";1,649;1
"LAASAAAAY";1,44;1
"LALLIDKMT";5,753;0
"LETSKQYRR";1,664;1
"LKFANQVLI";1,065;1
"LLAQFTSAI";5,088;0
"LLDDEAGPL";5,318;0
"LLFGYPVYV";1,946;1
"LLGSAANWI";1,668;1
"LLMMIANES";5,075;0
"LMWAKIGPV";3,346;0
"LQNKSFFGK";2,996;0
"LSKLRDIWF";-0,083;1
"LSLQIQTLS";7,061;0
"LTLINRNRS";3,912;0
"LTRQALPDQ";4,86;0
"LVVRPVGKV";3,091;0
"LYQFSKPGI";-1,47;1
"MAASAAAAY";1,513;1
"MVKKQQQAV";4,812;0
"NAASAAAAY";-0,545;1
"NIIGTDNSV";2,674;1
"NKADVILKY";-4,605;1
"NLNNLNVSI";4,382;0
"NLSWLSLDV";5,274;0
"NQKLQFGRY";-0,051;1
"NVATLELQF";-1,609;1
"PAASAAAAY";4,193;0
"PANQPINES";7,888;0
"PDIYPANLS";7,041;0
"PDVWVTVLF";6,685;0
"PKLEASNRY";4,868;0
"PLAKAAAAV";8,37;0
"PLEEELPRL";5,595;0
"PLPIHTAEL";5,298;0
"PPETNVELG";7,483;0
"PSVSQVLKS";6,62;0
"PTAWRSEMN";7,041;0
"QAASAAAAY";3,056;0
"QLDPARDVL";6,908;0
"QLFHLCLII";6,489;0
"QPEYSNKSY";6,144;0
"QQLYWSHPR";1,792;1
"QVDLLNILL";1,705;1
"QYDEAVAQF";3,258;0
"RAAAAAAAY";1,072;1
"RAASAAAAY";-0,301;1
"RAYNASTEL";0,77;1
"RGQVRVNRH";5,011;0
"RGYRPRFRR";-2,996;1
"RKYNASTEL";0,519;1
"RLGLSRPLL";2,389;1
"RLGLYRPLL";2,851;1
"RLLQETELV";6,089;0
"RLRPGGKKH";4,868;0
"RLSKVAPVI";6,908;0
"RLVTLKDIV";2,708;1
"RNVWRGFST";1,887;1
"RPKSNIVLL";6,389;0
"RPQMGMLGT";4,89;0
"RRANASTEL";0,231;1
"RRFGDKLNF";-4,605;1
"RRFNASTEL";0,365;1
"RRIKEIVKK";1,902;1
"RRIYDLIEL";0;1
"RRLPIFSRL";-0,511;1
"RRRWRRLTV";-2,303;1
"RRSKEITVR";1,099;1
"RRTEEENLR";2,734;1
"RRVKEVVKK";-0,288;1
"RRYAASTEL";0,554;1
"RRYNAATEL";0,554;1
"RRYNASAEL";-0,248;1
"RRYNASTAL";-0,635;1
"RRYNASTEF";-1,833;1
"RRYNASTEI";0,621;1
"RRYNASTEL";0;1
"RRYQASTEL";-0,734;1
"RRYQKSTEA";0,405;1
"RRYQKSTEL";-1,309;1
"RTDGKVFQF";1,163;1
"RTQNVLGEK";4,5;0
"RYLKDQQLL";2,639;1
"RYRPGTVAL";1,705;1
"SAASAAAAY";0,451;1
"SAWAVVWAK";0,336;1
"SDIKDYYYI";4,007;0
"SKSFKAAKF";1,099;1
"SKSVAETQE";7,061;0
"SLKKGAAAL";6,908;0
"SLNFMGYVI";4,533;0
"SPRYIFTML";3,401;0
"SQSDNYKLQ";4,454;0
"SRAHSSHLK";2,901;1
"SRDKTIIMW";1,253;1
"SRFASFKAK";1,335;1
"SRKAVSFAK";3,091;0
"SRSAFFKAK";4,094;0
"SRSAKFVAK";4,84;0
"SRVASVFAK";1,609;1
"SRVAVKSAK";2,398;1
"SRWAVVWAA";-0,528;1
"SRWAVVWAK";-1,079;1
"SRWAWVKAK";-1,386;1
"SRYAWVFAK";-1,386;1
"SRYAWVKAK";-0,186;1
"SRYWAIRTR";-1,427;1
"SSKPGDGRW";2,708;1
"SVVVASVII";1,253;1
"SWTTGWLVV";2,708;1
"TILQPSLQI";2,398;1
"TITHKEKIK";6,144;0
"TKPTLKGAI";6,764;0
"TLWVDPYEV";3,512;0
"TNEHQEPVS";5,497;0
"TNFEIASRM";2,485;1
"TRQSYATSG";4,317;0
"VAASAAAAY";1,026;1
"VAFAITTKE";7,195;0
"VDRSNKRGR";4,357;0
"VIYTIPWRF";-2,408;1
"VLAKAAAAV";4,784;0
"VLFSSDFRI";2,128;1
"VLGGSRHKL";4,29;0
"VLHKRTLGL";2,303;1
"VLQAGFFLL";7,586;0
"VMNILLQYM";3,784;0
"VRAAAAAAA";5,298;0
"VRRCPHHER";3,04;0
"VSSVLNVSS";1,099;1
"VTSPLTVEW";3,555;0
"VYSYSKIFV";1,872;1
"VYYSVIKKA";2,303;1
"WAASAAAAY";2,043;1
"WILRGTSFV";5,969;0
"YAAAAAAAY";3,321;0
"YAASAAAAY";2,518;1
"YARTNPESF";2,773;1
"YDSMLAIRG";7,061;0
"YFDPANGKF";3,178;0
"YFVVSIISK";3,689;0
"YGKIRDLIV";5,617;0
"YHEDIHTYL";3,555;0
"YLEPGPVTA";6,856;0
"YLGEFSITY";3,091;0
"YLLPAIVHI";4,787;0
"YMLAEQLDR";5,656;0
"YMNGTMSQV";6,477;0
"YNVAPLSND";7,888;0
"YPLTFGWCY";5,717;0
"YQKALSVPK";4,605;0
"YSFQPPDEL";3,497;0
"YVSFIKYKY";0;1
"YYEEQHPEL";4,554;0
